geo_id,geo_display_name,geo_normalized_name,geo_type,latitude,longitude,region_id,region_display_name,federal_district_id,federal_district_display_name,country_code,coordinates_source,coordinates_source_record_id,coordinates_source_version_or_date,coordinates_source_snapshot_sha256,coordinates_review_status,catalog_version
geo_f0896a12c6bd4ebd,Аксай,АКСАЙ,city,47.26331,39.869,region_geonames_501165,Ростовская область,fd_southern,Южный федеральный округ,RU,GeoNames RU dump (WGS84),583673,2026-07-18,e900a407f811b53a1bf51612fe6f1a809af275e43a02b85f63c7bfddd75e4035,reviewed_static,geo_catalog_v1_2026_07_18
geo_957e66011fc7614c,Александров,АЛЕКСАНДРОВ,city,56.39733,38.71404,region_geonames_826294,Владимирская область,fd_central,Центральный федеральный округ,RU,GeoNames RU dump (WGS84),583350,2026-07-18,e900a407f811b53a1bf51612fe6f1a809af275e43a02b85f63c7bfddd75e4035,reviewed_static,geo_catalog_v1_2026_07_18
geo_ef9368375b7cd433,Алтайский край,АЛТАЙСКИЙ КРАЙ,region,52.60833,82.60833,region_geonames_1511732,Алтайский край,fd_siberian,Сибирский федеральный округ,RU,GeoNames RU dump (WGS84),1511732,2026-07-18,e900a407f811b53a1bf51612fe6f1a809af275e43a02b85f63c7bfddd75e4035,reviewed_static,geo_catalog_v1_2026_07_18
geo_cf2e9cf981259b4e,Альметьевск,АЛЬМЕТЬЕВСК,city,54.90395,52.31793,region_geonames_484048,Республика Татарстан,fd_volga,Приволжский федеральный округ,RU,GeoNames RU dump (WGS84),582432,2026-07-18,e900a407f811b53a1bf51612fe6f1a809af275e43a02b85f63c7bfddd75e4035,reviewed_static,geo_catalog_v1_2026_07_18
geo_74240820071487d1,Анапа,АНАПА,city,44.89497,37.31623,region_geonames_542415,Краснодарский край,fd_southern,Южный федеральный округ,RU,GeoNames RU dump (WGS84),582182,2026-07-18,e900a407f811b53a1bf51612fe6f1a809af275e43a02b85f63c7bfddd75e4035,reviewed_static,geo_catalog_v1_2026_07_18
geo_1a1dd82046f50b13,Апатиты,АПАТИТЫ,city,67.58267,33.41339,region_geonames_524304,Мурманская область,fd_northwestern,Северо-Западный федеральный округ,RU,GeoNames RU dump (WGS84),581357,2026-07-18,e900a407f811b53a1bf51612fe6f1a809af275e43a02b85f63c7bfddd75e4035,reviewed_static,geo_catalog_v1_2026_07_18
geo_ad76eb61a0c4abf1,Армавир,АРМАВИР,city,44.99849,41.11472,region_geonames_542415,Краснодарский край,fd_southern,Южный федеральный округ,RU,GeoNames RU dump (WGS84),580922,2026-07-18,e900a407f811b53a1bf51612fe6f1a809af275e43a02b85f63c7bfddd75e4035,reviewed_static,geo_catalog_v1_2026_07_18
geo_daf6c4eb196f4842,Арсеньев,АРСЕНЬЕВ,city,44.15695,133.27331,region_geonames_2017623,Приморский край,fd_far_eastern,Дальневосточный федеральный округ,RU,GeoNames RU dump (WGS84),2027468,2026-07-18,e900a407f811b53a1bf51612fe6f1a809af275e43a02b85f63c7bfddd75e4035,reviewed_static,geo_catalog_v1_2026_07_18
geo_d36bbe7743558685,Артем,АРТЕМ,city,43.35757,132.19137,region_geonames_2017623,Приморский край,fd_far_eastern,Дальневосточный федеральный округ,RU,GeoNames RU dump (WGS84),2027456,2026-07-18,e900a407f811b53a1bf51612fe6f1a809af275e43a02b85f63c7bfddd75e4035,reviewed_static,geo_catalog_v1_2026_07_18
geo_91572a7fdf0c3bc8,Архангельск,АРХАНГЕЛЬСК,city,64.5461,40.55183,region_geonames_581043,Архангельская область,fd_northwestern,Северо-Западный федеральный округ,RU,GeoNames RU dump (WGS84),581049,2026-07-18,e900a407f811b53a1bf51612fe6f1a809af275e43a02b85f63c7bfddd75e4035,reviewed_static,geo_catalog_v1_2026_07_18
geo_e1c6a5b04a684a5f,Архангельская область,АРХАНГЕЛЬСКАЯ ОБЛАСТЬ,region,63.425,42.31667,region_geonames_581043,Архангельская область,fd_northwestern,Северо-Западный федеральный округ,RU,GeoNames RU dump (WGS84),581043,2026-07-18,e900a407f811b53a1bf51612fe6f1a809af275e43a02b85f63c7bfddd75e4035,reviewed_static,geo_catalog_v1_2026_07_18
geo_c0f7fc02db8bce9b,Астраханская область,АСТРАХАНСКАЯ ОБЛАСТЬ,region,47.20833,47.425,region_geonames_580491,Астраханская область,fd_southern,Южный федеральный округ,RU,GeoNames RU dump (WGS84),580491,2026-07-18,e900a407f811b53a1bf51612fe6f1a809af275e43a02b85f63c7bfddd75e4035,reviewed_static,geo_catalog_v1_2026_07_18
geo_e316c8f3c2dba674,Астрахань,АСТРАХАНЬ,city,46.34968,48.04076,region_geonames_580491,Астраханская область,fd_southern,Южный федеральный округ,RU,GeoNames RU dump (WGS84),580497,2026-07-18,e900a407f811b53a1bf51612fe6f1a809af275e43a02b85f63c7bfddd75e4035,reviewed_static,geo_catalog_v1_2026_07_18
geo_0e45d64437ef0ab3,Балашиха,БАЛАШИХА,city,55.79479,37.94794,region_geonames_524925,Московская область,fd_central,Центральный федеральный округ,RU,GeoNames RU dump (WGS84),579464,2026-07-18,e900a407f811b53a1bf51612fe6f1a809af275e43a02b85f63c7bfddd75e4035,reviewed_static,geo_catalog_v1_2026_07_18
geo_8a262b9422eb5010,Барнаул,БАРНАУЛ,city,53.36199,83.72786,region_geonames_1511732,Алтайский край,fd_siberian,Сибирский федеральный округ,RU,GeoNames RU dump (WGS84),1510853,2026-07-18,e900a407f811b53a1bf51612fe6f1a809af275e43a02b85f63c7bfddd75e4035,reviewed_static,geo_catalog_v1_2026_07_18
geo_441a51f1a1a48fa7,Батайск,БАТАЙСК,city,47.13746,39.75713,region_geonames_501165,Ростовская область,fd_southern,Южный федеральный округ,RU,GeoNames RU dump (WGS84),578740,2026-07-18,e900a407f811b53a1bf51612fe6f1a809af275e43a02b85f63c7bfddd75e4035,reviewed_static,geo_catalog_v1_2026_07_18
geo_ae8f762709d06545,Бежецк,БЕЖЕЦК,city,57.78422,36.70082,region_geonames_480041,Тверская область,fd_central,Центральный федеральный округ,RU,GeoNames RU dump (WGS84),576566,2026-07-18,e900a407f811b53a1bf51612fe6f1a809af275e43a02b85f63c7bfddd75e4035,reviewed_static,geo_catalog_v1_2026_07_18
geo_66524d70cfd80f33,Белгород,БЕЛГОРОД,city,50.60343,36.58091,region_geonames_578071,Белгородская область,fd_central,Центральный федеральный округ,RU,GeoNames RU dump (WGS84),578072,2026-07-18,e900a407f811b53a1bf51612fe6f1a809af275e43a02b85f63c7bfddd75e4035,reviewed_static,geo_catalog_v1_2026_07_18
geo_99113e492e368d1e,Белгородская область,БЕЛГОРОДСКАЯ ОБЛАСТЬ,region,50.83333,37.54167,region_geonames_578071,Белгородская область,fd_central,Центральный федеральный округ,RU,GeoNames RU dump (WGS84),578071,2026-07-18,e900a407f811b53a1bf51612fe6f1a809af275e43a02b85f63c7bfddd75e4035,reviewed_static,geo_catalog_v1_2026_07_18
geo_8ac7fd9d42e86e8f,Бердск,БЕРДСК,city,54.75352,83.09624,region_geonames_1496745,Новосибирская область,fd_siberian,Сибирский федеральный округ,RU,GeoNames RU dump (WGS84),1510350,2026-07-18,e900a407f811b53a1bf51612fe6f1a809af275e43a02b85f63c7bfddd75e4035,reviewed_static,geo_catalog_v1_2026_07_18
geo_8e7b7c971d1eaa78,Березовский,БЕРЕЗОВСКИЙ,city,55.66951,86.27485,region_geonames_1503900,Кемеровская область,fd_siberian,Сибирский федеральный округ,RU,GeoNames RU dump (WGS84),1510205,2026-07-18,e900a407f811b53a1bf51612fe6f1a809af275e43a02b85f63c7bfddd75e4035,reviewed_static,geo_catalog_v1_2026_07_18
geo_3291a51b87f87713,Биробиджан,БИРОБИДЖАН,city,48.793,132.92033,region_geonames_2026639,Еврейская автономная область,fd_far_eastern,Дальневосточный федеральный округ,RU,GeoNames RU dump (WGS84),2026643,2026-07-18,e900a407f811b53a1bf51612fe6f1a809af275e43a02b85f63c7bfddd75e4035,reviewed_static,geo_catalog_v1_2026_07_18
geo_05b2b580396e6c77,Благовещенск,БЛАГОВЕЩЕНСК,city,50.27593,127.52637,region_geonames_2027748,Амурская область,fd_far_eastern,Дальневосточный федеральный округ,RU,GeoNames RU dump (WGS84),2026609,2026-07-18,e900a407f811b53a1bf51612fe6f1a809af275e43a02b85f63c7bfddd75e4035,reviewed_static,geo_catalog_v1_2026_07_18
geo_a3d9a7e7e08bfe50,Большой Камень,БОЛЬШОЙ КАМЕНЬ,city,43.1112,132.35021,region_geonames_2017623,Приморский край,fd_far_eastern,Дальневосточный федеральный округ,RU,GeoNames RU dump (WGS84),2026303,2026-07-18,e900a407f811b53a1bf51612fe6f1a809af275e43a02b85f63c7bfddd75e4035,reviewed_static,geo_catalog_v1_2026_07_18
geo_1b0f112cbf366d9b,Бор,БОР,city,56.35944,44.07304,region_geonames_559838,Нижегородская область,fd_volga,Приволжский федеральный округ,RU,GeoNames RU dump (WGS84),572665,2026-07-18,e900a407f811b53a1bf51612fe6f1a809af275e43a02b85f63c7bfddd75e4035,reviewed_static,geo_catalog_v1_2026_07_18
geo_0ceaaee33b14e0a1,Боровичи,БОРОВИЧИ,city,58.39418,33.91864,region_geonames_519324,Новгородская область,fd_northwestern,Северо-Западный федеральный округ,RU,GeoNames RU dump (WGS84),572154,2026-07-18,e900a407f811b53a1bf51612fe6f1a809af275e43a02b85f63c7bfddd75e4035,reviewed_static,geo_catalog_v1_2026_07_18
geo_2f2ef7a4526bd34a,Брянск,БРЯНСК,city,53.27096,34.32143,region_geonames_571473,Брянская область,fd_central,Центральный федеральный округ,RU,GeoNames RU dump (WGS84),571476,2026-07-18,e900a407f811b53a1bf51612fe6f1a809af275e43a02b85f63c7bfddd75e4035,reviewed_static,geo_catalog_v1_2026_07_18
geo_9bb973af0c5b0b78,Великие Луки,ВЕЛИКИЕ ЛУКИ,city,56.34063,30.54377,region_geonames_504338,Псковская область,fd_northwestern,Северо-Западный федеральный округ,RU,GeoNames RU dump (WGS84),476077,2026-07-18,e900a407f811b53a1bf51612fe6f1a809af275e43a02b85f63c7bfddd75e4035,reviewed_static,geo_catalog_v1_2026_07_18
geo_1d58a46bdd0a4846,Великий Новгород,ВЕЛИКИЙ НОВГОРОД,city,58.52131,31.27104,region_geonames_519324,Новгородская область,fd_northwestern,Северо-Западный федеральный округ,RU,GeoNames RU dump (WGS84),519336,2026-07-18,e900a407f811b53a1bf51612fe6f1a809af275e43a02b85f63c7bfddd75e4035,reviewed_static,geo_catalog_v1_2026_07_18
geo_4ac7810d9df81d3b,Великий Устюг,ВЕЛИКИЙ УСТЮГ,city,60.76186,46.31352,region_geonames_472454,Вологодская область,fd_northwestern,Северо-Западный федеральный округ,RU,GeoNames RU dump (WGS84),476062,2026-07-18,e900a407f811b53a1bf51612fe6f1a809af275e43a02b85f63c7bfddd75e4035,reviewed_static,geo_catalog_v1_2026_07_18
geo_2412d29f1964da67,Видное,ВИДНОЕ,city,55.5523,37.70885,region_geonames_524925,Московская область,fd_central,Центральный федеральный округ,RU,GeoNames RU dump (WGS84),473778,2026-07-18,e900a407f811b53a1bf51612fe6f1a809af275e43a02b85f63c7bfddd75e4035,reviewed_static,geo_catalog_v1_2026_07_18
geo_dfda5c672fb61686,Владивосток,ВЛАДИВОСТОК,city,43.10562,131.87353,region_geonames_2017623,Приморский край,fd_far_eastern,Дальневосточный федеральный округ,RU,GeoNames RU dump (WGS84),2013348,2026-07-18,e900a407f811b53a1bf51612fe6f1a809af275e43a02b85f63c7bfddd75e4035,reviewed_static,geo_catalog_v1_2026_07_18
geo_11dc18bfbea119d8,Владикавказ,ВЛАДИКАВКАЗ,city,43.04101,44.66986,region_geonames_519969,Республика Северная Осетия - Алания,fd_north_caucasian,Северо-Кавказский федеральный округ,RU,GeoNames RU dump (WGS84),473249,2026-07-18,e900a407f811b53a1bf51612fe6f1a809af275e43a02b85f63c7bfddd75e4035,reviewed_static,geo_catalog_v1_2026_07_18
geo_cb64426d56fd2a49,Владимир,ВЛАДИМИР,city,56.13854,40.39976,region_geonames_826294,Владимирская область,fd_central,Центральный федеральный округ,RU,GeoNames RU dump (WGS84),473247,2026-07-18,e900a407f811b53a1bf51612fe6f1a809af275e43a02b85f63c7bfddd75e4035,reviewed_static,geo_catalog_v1_2026_07_18
geo_84e5fcec31012b88,Волгоград,ВОЛГОГРАД,city,48.71378,44.4976,region_geonames_472755,Волгоградская область,fd_southern,Южный федеральный округ,RU,GeoNames RU dump (WGS84),472757,2026-07-18,e900a407f811b53a1bf51612fe6f1a809af275e43a02b85f63c7bfddd75e4035,reviewed_static,geo_catalog_v1_2026_07_18
geo_360bec89c52dae41,Волгоградская область,ВОЛГОГРАДСКАЯ ОБЛАСТЬ,region,49.61568,44.15,region_geonames_472755,Волгоградская область,fd_southern,Южный федеральный округ,RU,GeoNames RU dump (WGS84),472755,2026-07-18,e900a407f811b53a1bf51612fe6f1a809af275e43a02b85f63c7bfddd75e4035,reviewed_static,geo_catalog_v1_2026_07_18
geo_9db51a9fcbbd555e,Вологда,ВОЛОГДА,city,59.2239,39.88398,region_geonames_472454,Вологодская область,fd_northwestern,Северо-Западный федеральный округ,RU,GeoNames RU dump (WGS84),472459,2026-07-18,e900a407f811b53a1bf51612fe6f1a809af275e43a02b85f63c7bfddd75e4035,reviewed_static,geo_catalog_v1_2026_07_18
geo_69a60951706b056a,Вологодская область,ВОЛОГОДСКАЯ ОБЛАСТЬ,region,59.95833,40.50833,region_geonames_472454,Вологодская область,fd_northwestern,Северо-Западный федеральный округ,RU,GeoNames RU dump (WGS84),472454,2026-07-18,e900a407f811b53a1bf51612fe6f1a809af275e43a02b85f63c7bfddd75e4035,reviewed_static,geo_catalog_v1_2026_07_18
geo_c5bbbb417c2f21f1,Воронеж,ВОРОНЕЖ,city,51.66833,39.19204,region_geonames_472039,Воронежская область,fd_central,Центральный федеральный округ,RU,GeoNames RU dump (WGS84),472045,2026-07-18,e900a407f811b53a1bf51612fe6f1a809af275e43a02b85f63c7bfddd75e4035,reviewed_static,geo_catalog_v1_2026_07_18
geo_d2d740a2dfa1cdf2,Воронежская область,ВОРОНЕЖСКАЯ ОБЛАСТЬ,region,50.96667,40.23333,region_geonames_472039,Воронежская область,fd_central,Центральный федеральный округ,RU,GeoNames RU dump (WGS84),472039,2026-07-18,e900a407f811b53a1bf51612fe6f1a809af275e43a02b85f63c7bfddd75e4035,reviewed_static,geo_catalog_v1_2026_07_18
geo_520151290ea3255a,Выборг,ВЫБОРГ,city,60.70763,28.75283,region_geonames_536199,Ленинградская область,fd_northwestern,Северо-Западный федеральный округ,RU,GeoNames RU dump (WGS84),470546,2026-07-18,e900a407f811b53a1bf51612fe6f1a809af275e43a02b85f63c7bfddd75e4035,reviewed_static,geo_catalog_v1_2026_07_18
geo_1e05d321927cf372,Вышний Волочек,ВЫШНИЙ ВОЛОЧЕК,city,57.5888,34.56854,region_geonames_480041,Тверская область,fd_central,Центральный федеральный округ,RU,GeoNames RU dump (WGS84),470252,2026-07-18,e900a407f811b53a1bf51612fe6f1a809af275e43a02b85f63c7bfddd75e4035,reviewed_static,geo_catalog_v1_2026_07_18
geo_723bec066ed256b0,Вязники,ВЯЗНИКИ,city,56.24227,42.14911,region_geonames_826294,Владимирская область,fd_central,Центральный федеральный округ,RU,GeoNames RU dump (WGS84),470666,2026-07-18,e900a407f811b53a1bf51612fe6f1a809af275e43a02b85f63c7bfddd75e4035,reviewed_static,geo_catalog_v1_2026_07_18
geo_61fb685891366787,Гусь-Хрустальный,ГУСЬ-ХРУСТАЛЬНЫЙ,city,55.61171,40.65023,region_geonames_826294,Владимирская область,fd_central,Центральный федеральный округ,RU,GeoNames RU dump (WGS84),557775,2026-07-18,e900a407f811b53a1bf51612fe6f1a809af275e43a02b85f63c7bfddd75e4035,reviewed_static,geo_catalog_v1_2026_07_18
geo_e8a9ff18d4cc574a,Дзержинск,ДЗЕРЖИНСК,city,56.24422,43.45543,region_geonames_559838,Нижегородская область,fd_volga,Приволжский федеральный округ,RU,GeoNames RU dump (WGS84),563708,2026-07-18,e900a407f811b53a1bf51612fe6f1a809af275e43a02b85f63c7bfddd75e4035,reviewed_static,geo_catalog_v1_2026_07_18
geo_a7670443521246e9,Долгопрудный,ДОЛГОПРУДНЫЙ,city,55.94958,37.50183,region_geonames_524925,Московская область,fd_central,Центральный федеральный округ,RU,GeoNames RU dump (WGS84),565614,2026-07-18,e900a407f811b53a1bf51612fe6f1a809af275e43a02b85f63c7bfddd75e4035,reviewed_static,geo_catalog_v1_2026_07_18
geo_fbf9c84b011ebd56,Домодедово,ДОМОДЕДОВО,city,55.44223,37.75372,region_geonames_524925,Московская область,fd_central,Центральный федеральный округ,RU,GeoNames RU dump (WGS84),565381,2026-07-18,e900a407f811b53a1bf51612fe6f1a809af275e43a02b85f63c7bfddd75e4035,reviewed_static,geo_catalog_v1_2026_07_18
geo_30d57e2af9301114,Екатеринбург,ЕКАТЕРИНБУРГ,city,56.85733,60.61529,region_geonames_1490542,Свердловская область,fd_ural,Уральский федеральный округ,RU,GeoNames RU dump (WGS84),1486209,2026-07-18,e900a407f811b53a1bf51612fe6f1a809af275e43a02b85f63c7bfddd75e4035,reviewed_static,geo_catalog_v1_2026_07_18
geo_6c2900420be7fcb0,Ессентуки,ЕССЕНТУКИ,city,44.04826,42.85638,region_geonames_487839,Ставропольский край,fd_north_caucasian,Северо-Кавказский федеральный округ,RU,GeoNames RU dump (WGS84),466990,2026-07-18,e900a407f811b53a1bf51612fe6f1a809af275e43a02b85f63c7bfddd75e4035,reviewed_static,geo_catalog_v1_2026_07_18
geo_480f3d37706eea65,Железногорск,ЖЕЛЕЗНОГОРСК,city,52.34198,35.35917,region_geonames_538555,Курская область,fd_central,Центральный федеральный округ,RU,GeoNames RU dump (WGS84),463343,2026-07-18,e900a407f811b53a1bf51612fe6f1a809af275e43a02b85f63c7bfddd75e4035,reviewed_static,geo_catalog_v1_2026_07_18
geo_845dcb133962087a,Забайкальский край,ЗАБАЙКАЛЬСКИЙ КРАЙ,region,52.85,116.2,region_geonames_7779061,Забайкальский край,fd_far_eastern,Дальневосточный федеральный округ,RU,GeoNames RU dump (WGS84),7779061,2026-07-18,e900a407f811b53a1bf51612fe6f1a809af275e43a02b85f63c7bfddd75e4035,reviewed_static,geo_catalog_v1_2026_07_18
geo_8ff699c8119ebd8b,Завидово,ЗАВИДОВО,city,56.53333,36.53333,region_geonames_480041,Тверская область,fd_central,Центральный федеральный округ,RU,GeoNames RU dump (WGS84),464159,2026-07-18,e900a407f811b53a1bf51612fe6f1a809af275e43a02b85f63c7bfddd75e4035,reviewed_static,geo_catalog_v1_2026_07_18
geo_6835667d9b3fc15f,Иваново,ИВАНОВО,city,56.99988,40.97257,region_geonames_555235,Ивановская область,fd_central,Центральный федеральный округ,RU,GeoNames RU dump (WGS84),555312,2026-07-18,e900a407f811b53a1bf51612fe6f1a809af275e43a02b85f63c7bfddd75e4035,reviewed_static,geo_catalog_v1_2026_07_18
geo_3adf62e63c7fd5d5,Ивановская область,ИВАНОВСКАЯ ОБЛАСТЬ,region,56.99167,41.55,region_geonames_555235,Ивановская область,fd_central,Центральный федеральный округ,RU,GeoNames RU dump (WGS84),555235,2026-07-18,e900a407f811b53a1bf51612fe6f1a809af275e43a02b85f63c7bfddd75e4035,reviewed_static,geo_catalog_v1_2026_07_18
geo_609ae2c3e4e515a0,Ижевск,ИЖЕВСК,city,56.85225,53.19862,region_geonames_479613,Удмуртская Республика,fd_volga,Приволжский федеральный округ,RU,GeoNames RU dump (WGS84),554840,2026-07-18,e900a407f811b53a1bf51612fe6f1a809af275e43a02b85f63c7bfddd75e4035,reviewed_static,geo_catalog_v1_2026_07_18
geo_e3bf4c0631680742,Иркутск,ИРКУТСК,city,52.29566,104.29076,region_geonames_2023468,Иркутская область,fd_siberian,Сибирский федеральный округ,RU,GeoNames RU dump (WGS84),2023469,2026-07-18,e900a407f811b53a1bf51612fe6f1a809af275e43a02b85f63c7bfddd75e4035,reviewed_static,geo_catalog_v1_2026_07_18
geo_17fdd13e7c3490cf,Иркутская область,ИРКУТСКАЯ ОБЛАСТЬ,region,57.1,106.36667,region_geonames_2023468,Иркутская область,fd_siberian,Сибирский федеральный округ,RU,GeoNames RU dump (WGS84),2023468,2026-07-18,e900a407f811b53a1bf51612fe6f1a809af275e43a02b85f63c7bfddd75e4035,reviewed_static,geo_catalog_v1_2026_07_18
geo_244e457664df05ed,Йошкар-Ола,ЙОШКАР-ОЛА,city,56.63877,47.89078,region_geonames_529352,Республика Марий Эл,fd_volga,Приволжский федеральный округ,RU,GeoNames RU dump (WGS84),466806,2026-07-18,e900a407f811b53a1bf51612fe6f1a809af275e43a02b85f63c7bfddd75e4035,reviewed_static,geo_catalog_v1_2026_07_18
geo_f3bc16c2258e5d7a,Кабардино-Балкарская Республика,КАБАРДИНО-БАЛКАРСКАЯ РЕСПУБЛИКА,region,43.49167,43.40833,region_geonames_554667,Кабардино-Балкарская Республика,fd_north_caucasian,Северо-Кавказский федеральный округ,RU,GeoNames RU dump (WGS84),554667,2026-07-18,e900a407f811b53a1bf51612fe6f1a809af275e43a02b85f63c7bfddd75e4035,reviewed_static,geo_catalog_v1_2026_07_18
geo_7aafc347a167c4da,Казань,КАЗАНЬ,city,55.78874,49.12214,region_geonames_484048,Республика Татарстан,fd_volga,Приволжский федеральный округ,RU,GeoNames RU dump (WGS84),551487,2026-07-18,e900a407f811b53a1bf51612fe6f1a809af275e43a02b85f63c7bfddd75e4035,reviewed_static,geo_catalog_v1_2026_07_18
geo_a1c56e2e4c4466f8,Калининград,КАЛИНИНГРАД,city,54.70639,20.51102,region_geonames_554230,Калининградская область,fd_northwestern,Северо-Западный федеральный округ,RU,GeoNames RU dump (WGS84),554234,2026-07-18,e900a407f811b53a1bf51612fe6f1a809af275e43a02b85f63c7bfddd75e4035,reviewed_static,geo_catalog_v1_2026_07_18
geo_9fa9947d05f9c106,Калининградская область,КАЛИНИНГРАДСКАЯ ОБЛАСТЬ,region,54.70833,21.45,region_geonames_554230,Калининградская область,fd_northwestern,Северо-Западный федеральный округ,RU,GeoNames RU dump (WGS84),554230,2026-07-18,e900a407f811b53a1bf51612fe6f1a809af275e43a02b85f63c7bfddd75e4035,reviewed_static,geo_catalog_v1_2026_07_18
geo_fa69b41c3243fefc,Калуга,КАЛУГА,city,54.53063,36.27,region_geonames_553899,Калужская область,fd_central,Центральный федеральный округ,RU,GeoNames RU dump (WGS84),553915,2026-07-18,e900a407f811b53a1bf51612fe6f1a809af275e43a02b85f63c7bfddd75e4035,reviewed_static,geo_catalog_v1_2026_07_18
geo_1b10e39705d1b75c,Каменск-Шахтинский,КАМЕНСК-ШАХТИНСКИЙ,city,48.31779,40.25948,region_geonames_501165,Ростовская область,fd_southern,Южный федеральный округ,RU,GeoNames RU dump (WGS84),553399,2026-07-18,e900a407f811b53a1bf51612fe6f1a809af275e43a02b85f63c7bfddd75e4035,reviewed_static,geo_catalog_v1_2026_07_18
geo_77d766e98e94b5b2,Карачаево-Черкесская Республика,КАРАЧАЕВО-ЧЕРКЕССКАЯ РЕСПУБЛИКА,region,43.76667,41.75,region_geonames_552927,Карачаево-Черкесская Республика,fd_north_caucasian,Северо-Кавказский федеральный округ,RU,GeoNames RU dump (WGS84),552927,2026-07-18,e900a407f811b53a1bf51612fe6f1a809af275e43a02b85f63c7bfddd75e4035,reviewed_static,geo_catalog_v1_2026_07_18
geo_1615d65c53e3d88a,Кемерово,КЕМЕРОВО,city,55.35417,86.10435,region_geonames_1503900,Кемеровская область,fd_siberian,Сибирский федеральный округ,RU,GeoNames RU dump (WGS84),1503901,2026-07-18,e900a407f811b53a1bf51612fe6f1a809af275e43a02b85f63c7bfddd75e4035,reviewed_static,geo_catalog_v1_2026_07_18
geo_b43f77bcf0d0291c,Кемеровская область,КЕМЕРОВСКАЯ ОБЛАСТЬ,region,54.78333,87.20833,region_geonames_1503900,Кемеровская область,fd_siberian,Сибирский федеральный округ,RU,GeoNames RU dump (WGS84),1503900,2026-07-18,e900a407f811b53a1bf51612fe6f1a809af275e43a02b85f63c7bfddd75e4035,reviewed_static,geo_catalog_v1_2026_07_18
geo_abf1e3dc13d4e6b6,Кинешма,КИНЕШМА,city,57.43665,42.12766,region_geonames_555235,Ивановская область,fd_central,Центральный федеральный округ,RU,GeoNames RU dump (WGS84),548605,2026-07-18,e900a407f811b53a1bf51612fe6f1a809af275e43a02b85f63c7bfddd75e4035,reviewed_static,geo_catalog_v1_2026_07_18
geo_fb2194782021ba45,Кириши,КИРИШИ,city,59.47417,32.04007,region_geonames_536199,Ленинградская область,fd_northwestern,Северо-Западный федеральный округ,RU,GeoNames RU dump (WGS84),548442,2026-07-18,e900a407f811b53a1bf51612fe6f1a809af275e43a02b85f63c7bfddd75e4035,reviewed_static,geo_catalog_v1_2026_07_18
geo_5b050d7ea114dc2e,Киров,КИРОВ,city,58.59809,49.65783,region_geonames_548389,Кировская область,fd_volga,Приволжский федеральный округ,RU,GeoNames RU dump (WGS84),548408,2026-07-18,e900a407f811b53a1bf51612fe6f1a809af275e43a02b85f63c7bfddd75e4035,reviewed_static,geo_catalog_v1_2026_07_18
geo_692c9f128b3b5f84,Кировск,КИРОВСК,city,59.88002,30.99549,region_geonames_536199,Ленинградская область,fd_northwestern,Северо-Западный федеральный округ,RU,GeoNames RU dump (WGS84),548392,2026-07-18,e900a407f811b53a1bf51612fe6f1a809af275e43a02b85f63c7bfddd75e4035,reviewed_static,geo_catalog_v1_2026_07_18
geo_c39a937a4a265d1a,Кировская область,КИРОВСКАЯ ОБЛАСТЬ,region,58.68333,49.83333,region_geonames_548389,Кировская область,fd_volga,Приволжский федеральный округ,RU,GeoNames RU dump (WGS84),548389,2026-07-18,e900a407f811b53a1bf51612fe6f1a809af275e43a02b85f63c7bfddd75e4035,reviewed_static,geo_catalog_v1_2026_07_18
geo_8e220753930a277f,Кисловодск,КИСЛОВОДСК,city,43.91333,42.72083,region_geonames_487839,Ставропольский край,fd_north_caucasian,Северо-Кавказский федеральный округ,RU,GeoNames RU dump (WGS84),548114,2026-07-18,e900a407f811b53a1bf51612fe6f1a809af275e43a02b85f63c7bfddd75e4035,reviewed_static,geo_catalog_v1_2026_07_18
geo_43e3aae44829f95f,Ковров,КОВРОВ,city,56.35752,41.31893,region_geonames_826294,Владимирская область,fd_central,Центральный федеральный округ,RU,GeoNames RU dump (WGS84),543460,2026-07-18,e900a407f811b53a1bf51612fe6f1a809af275e43a02b85f63c7bfddd75e4035,reviewed_static,geo_catalog_v1_2026_07_18
geo_724a73c8229d5e9b,Комсомольск-на-Амуре,КОМСОМОЛЬСК-НА-АМУРЕ,city,50.55034,137.00995,region_geonames_2022888,Хабаровский край,fd_far_eastern,Дальневосточный федеральный округ,RU,GeoNames RU dump (WGS84),2021851,2026-07-18,e900a407f811b53a1bf51612fe6f1a809af275e43a02b85f63c7bfddd75e4035,reviewed_static,geo_catalog_v1_2026_07_18
geo_81b9346d310ccb3a,Конаково,КОНАКОВО,city,56.70153,36.77305,region_geonames_480041,Тверская область,fd_central,Центральный федеральный округ,RU,GeoNames RU dump (WGS84),545673,2026-07-18,e900a407f811b53a1bf51612fe6f1a809af275e43a02b85f63c7bfddd75e4035,reviewed_static,geo_catalog_v1_2026_07_18
geo_441492c9e1030bce,Королев,КОРОЛЕВ,city,55.91417,37.82556,region_geonames_524925,Московская область,fd_central,Центральный федеральный округ,RU,GeoNames RU dump (WGS84),554233,2026-07-18,e900a407f811b53a1bf51612fe6f1a809af275e43a02b85f63c7bfddd75e4035,reviewed_static,geo_catalog_v1_2026_07_18
geo_4bb0b2082503653a,Коряжма,КОРЯЖМА,city,61.31242,47.14829,region_geonames_581043,Архангельская область,fd_northwestern,Северо-Западный федеральный округ,RU,GeoNames RU dump (WGS84),544370,2026-07-18,e900a407f811b53a1bf51612fe6f1a809af275e43a02b85f63c7bfddd75e4035,reviewed_static,geo_catalog_v1_2026_07_18
geo_93400a42108562f8,Кострома,КОСТРОМА,city,57.76638,40.92828,region_geonames_543871,Костромская область,fd_central,Центральный федеральный округ,RU,GeoNames RU dump (WGS84),543878,2026-07-18,e900a407f811b53a1bf51612fe6f1a809af275e43a02b85f63c7bfddd75e4035,reviewed_static,geo_catalog_v1_2026_07_18
geo_89a058f5b87790ec,Костромская область,КОСТРОМСКАЯ ОБЛАСТЬ,region,58.45833,43.78333,region_geonames_543871,Костромская область,fd_central,Центральный федеральный округ,RU,GeoNames RU dump (WGS84),543871,2026-07-18,e900a407f811b53a1bf51612fe6f1a809af275e43a02b85f63c7bfddd75e4035,reviewed_static,geo_catalog_v1_2026_07_18
geo_3c2426b44557da90,Котлас,КОТЛАС,city,61.25663,46.6537,region_geonames_581043,Архангельская область,fd_northwestern,Северо-Западный федеральный округ,RU,GeoNames RU dump (WGS84),543704,2026-07-18,e900a407f811b53a1bf51612fe6f1a809af275e43a02b85f63c7bfddd75e4035,reviewed_static,geo_catalog_v1_2026_07_18
geo_c0fb54b8d7d439bc,Красногорск,КРАСНОГОРСК,city,55.81904,37.32984,region_geonames_524925,Московская область,fd_central,Центральный федеральный округ,RU,GeoNames RU dump (WGS84),542374,2026-07-18,e900a407f811b53a1bf51612fe6f1a809af275e43a02b85f63c7bfddd75e4035,reviewed_static,geo_catalog_v1_2026_07_18
geo_603847d7490bba77,Краснодар,КРАСНОДАР,city,45.04534,38.98178,region_geonames_542415,Краснодарский край,fd_southern,Южный федеральный округ,RU,GeoNames RU dump (WGS84),542420,2026-07-18,e900a407f811b53a1bf51612fe6f1a809af275e43a02b85f63c7bfddd75e4035,reviewed_static,geo_catalog_v1_2026_07_18
geo_23aeed82014ce95e,Краснодарский край,КРАСНОДАРСКИЙ КРАЙ,region,44.98811,38.97675,region_geonames_542415,Краснодарский край,fd_southern,Южный федеральный округ,RU,GeoNames RU dump (WGS84),542415,2026-07-18,e900a407f811b53a1bf51612fe6f1a809af275e43a02b85f63c7bfddd75e4035,reviewed_static,geo_catalog_v1_2026_07_18
geo_93a89aa2fbcf50f7,Красноярск,КРАСНОЯРСК,city,56.03742,92.93136,region_geonames_1502020,Красноярский край,fd_siberian,Сибирский федеральный округ,RU,GeoNames RU dump (WGS84),1502026,2026-07-18,e900a407f811b53a1bf51612fe6f1a809af275e43a02b85f63c7bfddd75e4035,reviewed_static,geo_catalog_v1_2026_07_18
geo_6ef64f38d40f6a76,Красноярский край,КРАСНОЯРСКИЙ КРАЙ,region,67.5,96.03333,region_geonames_1502020,Красноярский край,fd_siberian,Сибирский федеральный округ,RU,GeoNames RU dump (WGS84),1502020,2026-07-18,e900a407f811b53a1bf51612fe6f1a809af275e43a02b85f63c7bfddd75e4035,reviewed_static,geo_catalog_v1_2026_07_18
geo_3346e213f2315f11,Кстовский район,КСТОВСКИЙ РАЙОН,district,56.04978,44.33124,region_geonames_559838,Нижегородская область,fd_volga,Приволжский федеральный округ,RU,GeoNames RU dump (WGS84),540102,2026-07-18,e900a407f811b53a1bf51612fe6f1a809af275e43a02b85f63c7bfddd75e4035,reviewed_static,geo_catalog_v1_2026_07_18
geo_2c847ca0173b1925,Кузнецк,КУЗНЕЦК,city,53.11675,46.60037,region_geonames_511555,Пензенская область,fd_volga,Приволжский федеральный округ,RU,GeoNames RU dump (WGS84),537737,2026-07-18,e900a407f811b53a1bf51612fe6f1a809af275e43a02b85f63c7bfddd75e4035,reviewed_static,geo_catalog_v1_2026_07_18
geo_8d0ec5d509e7e256,Курган,КУРГАН,city,55.44905,65.34344,region_geonames_1501312,Курганская область,fd_ural,Уральский федеральный округ,RU,GeoNames RU dump (WGS84),1501321,2026-07-18,e900a407f811b53a1bf51612fe6f1a809af275e43a02b85f63c7bfddd75e4035,reviewed_static,geo_catalog_v1_2026_07_18
geo_82e3d00fad994578,Курганская область,КУРГАНСКАЯ ОБЛАСТЬ,region,55.45,64.80833,region_geonames_1501312,Курганская область,fd_ural,Уральский федеральный округ,RU,GeoNames RU dump (WGS84),1501312,2026-07-18,e900a407f811b53a1bf51612fe6f1a809af275e43a02b85f63c7bfddd75e4035,reviewed_static,geo_catalog_v1_2026_07_18
geo_92b6cf23ae9992dc,Курск,КУРСК,city,51.72689,36.18457,region_geonames_538555,Курская область,fd_central,Центральный федеральный округ,RU,GeoNames RU dump (WGS84),538560,2026-07-18,e900a407f811b53a1bf51612fe6f1a809af275e43a02b85f63c7bfddd75e4035,reviewed_static,geo_catalog_v1_2026_07_18
geo_95a5bc5573fb18d5,Курская область,КУРСКАЯ ОБЛАСТЬ,region,51.68333,36.1,region_geonames_538555,Курская область,fd_central,Центральный федеральный округ,RU,GeoNames RU dump (WGS84),538555,2026-07-18,e900a407f811b53a1bf51612fe6f1a809af275e43a02b85f63c7bfddd75e4035,reviewed_static,geo_catalog_v1_2026_07_18
geo_a58138e94aa78713,Ленинградская область,ЛЕНИНГРАДСКАЯ ОБЛАСТЬ,region,60.01667,31.71667,region_geonames_536199,Ленинградская область,fd_northwestern,Северо-Западный федеральный округ,RU,GeoNames RU dump (WGS84),536199,2026-07-18,e900a407f811b53a1bf51612fe6f1a809af275e43a02b85f63c7bfddd75e4035,reviewed_static,geo_catalog_v1_2026_07_18
geo_679fcdcbff1d857e,Липецк,ЛИПЕЦК,city,52.5876,39.55151,region_geonames_535120,Липецкая область,fd_central,Центральный федеральный округ,RU,GeoNames RU dump (WGS84),535121,2026-07-18,e900a407f811b53a1bf51612fe6f1a809af275e43a02b85f63c7bfddd75e4035,reviewed_static,geo_catalog_v1_2026_07_18
geo_76c59267159b9cf1,Липецкая область,ЛИПЕЦКАЯ ОБЛАСТЬ,region,52.64167,39.15,region_geonames_535120,Липецкая область,fd_central,Центральный федеральный округ,RU,GeoNames RU dump (WGS84),535120,2026-07-18,e900a407f811b53a1bf51612fe6f1a809af275e43a02b85f63c7bfddd75e4035,reviewed_static,geo_catalog_v1_2026_07_18
geo_aa6a3705d9ba05dd,Лобня,ЛОБНЯ,city,56.02714,37.46793,region_geonames_524925,Московская область,fd_central,Центральный федеральный округ,RU,GeoNames RU dump (WGS84),534595,2026-07-18,e900a407f811b53a1bf51612fe6f1a809af275e43a02b85f63c7bfddd75e4035,reviewed_static,geo_catalog_v1_2026_07_18
geo_f2a156c9dae90dad,Люберцы,ЛЮБЕРЦЫ,city,55.67719,37.89322,region_geonames_524925,Московская область,fd_central,Центральный федеральный округ,RU,GeoNames RU dump (WGS84),532615,2026-07-18,e900a407f811b53a1bf51612fe6f1a809af275e43a02b85f63c7bfddd75e4035,reviewed_static,geo_catalog_v1_2026_07_18
geo_db7fa1f7c10dbe2c,Магнитогорск,МАГНИТОГОРСК,city,53.39808,59.0066,region_geonames_1508290,Челябинская область,fd_ural,Уральский федеральный округ,RU,GeoNames RU dump (WGS84),532288,2026-07-18,e900a407f811b53a1bf51612fe6f1a809af275e43a02b85f63c7bfddd75e4035,reviewed_static,geo_catalog_v1_2026_07_18
geo_2db8f7f2a69e53db,Майкоп,МАЙКОП,city,44.60789,40.10242,region_geonames_584222,Республика Адыгея,fd_southern,Южный федеральный округ,RU,GeoNames RU dump (WGS84),528293,2026-07-18,e900a407f811b53a1bf51612fe6f1a809af275e43a02b85f63c7bfddd75e4035,reviewed_static,geo_catalog_v1_2026_07_18
geo_ee195086e4c581bf,Миасс,МИАСС,city,55.04552,60.10756,region_geonames_1508290,Челябинская область,fd_ural,Уральский федеральный округ,RU,GeoNames RU dump (WGS84),1498894,2026-07-18,e900a407f811b53a1bf51612fe6f1a809af275e43a02b85f63c7bfddd75e4035,reviewed_static,geo_catalog_v1_2026_07_18
geo_17ab139ca967145a,Минеральные Воды,МИНЕРАЛЬНЫЕ ВОДЫ,city,44.21028,43.13528,region_geonames_487839,Ставропольский край,fd_north_caucasian,Северо-Кавказский федеральный округ,RU,GeoNames RU dump (WGS84),526480,2026-07-18,e900a407f811b53a1bf51612fe6f1a809af275e43a02b85f63c7bfddd75e4035,reviewed_static,geo_catalog_v1_2026_07_18
geo_150933c6acf548e4,Мичуринск,МИЧУРИНСК,city,52.90761,40.4823,region_geonames_484638,Тамбовская область,fd_central,Центральный федеральный округ,RU,GeoNames RU dump (WGS84),527191,2026-07-18,e900a407f811b53a1bf51612fe6f1a809af275e43a02b85f63c7bfddd75e4035,reviewed_static,geo_catalog_v1_2026_07_18
geo_ded441dd9232ea01,Мончегорск,МОНЧЕГОРСК,city,67.93972,32.87389,region_geonames_524304,Мурманская область,fd_northwestern,Северо-Западный федеральный округ,RU,GeoNames RU dump (WGS84),525404,2026-07-18,e900a407f811b53a1bf51612fe6f1a809af275e43a02b85f63c7bfddd75e4035,reviewed_static,geo_catalog_v1_2026_07_18
geo_96d8acf2128d1686,Москва,МОСКВА,city,55.75204,37.61781,region_geonames_524894,Москва,fd_central,Центральный федеральный округ,RU,GeoNames RU dump (WGS84),524901,2026-07-18,e900a407f811b53a1bf51612fe6f1a809af275e43a02b85f63c7bfddd75e4035,reviewed_static,geo_catalog_v1_2026_07_18
geo_e2491244881757a2,Московская область,МОСКОВСКАЯ ОБЛАСТЬ,region,55.81363,36.71631,region_geonames_524925,Московская область,fd_central,Центральный федеральный округ,RU,GeoNames RU dump (WGS84),524925,2026-07-18,e900a407f811b53a1bf51612fe6f1a809af275e43a02b85f63c7bfddd75e4035,reviewed_static,geo_catalog_v1_2026_07_18
geo_47e505cb9a22cb1f,Мурманск,МУРМАНСК,city,68.96778,33.09922,region_geonames_524304,Мурманская область,fd_northwestern,Северо-Западный федеральный округ,RU,GeoNames RU dump (WGS84),524305,2026-07-18,e900a407f811b53a1bf51612fe6f1a809af275e43a02b85f63c7bfddd75e4035,reviewed_static,geo_catalog_v1_2026_07_18
geo_3f3864f3f1391c1f,Мурманская область,МУРМАНСКАЯ ОБЛАСТЬ,region,67.80833,34.575,region_geonames_524304,Мурманская область,fd_northwestern,Северо-Западный федеральный округ,RU,GeoNames RU dump (WGS84),524304,2026-07-18,e900a407f811b53a1bf51612fe6f1a809af275e43a02b85f63c7bfddd75e4035,reviewed_static,geo_catalog_v1_2026_07_18
geo_ea4bfd6090011e7d,Мытищи,МЫТИЩИ,city,55.91099,37.72964,region_geonames_524925,Московская область,fd_central,Центральный федеральный округ,RU,GeoNames RU dump (WGS84),523812,2026-07-18,e900a407f811b53a1bf51612fe6f1a809af275e43a02b85f63c7bfddd75e4035,reviewed_static,geo_catalog_v1_2026_07_18
geo_d8ed17b732f43f57,Набережные Челны,НАБЕРЕЖНЫЕ ЧЕЛНЫ,city,55.73718,52.41961,region_geonames_484048,Республика Татарстан,fd_volga,Приволжский федеральный округ,RU,GeoNames RU dump (WGS84),523750,2026-07-18,e900a407f811b53a1bf51612fe6f1a809af275e43a02b85f63c7bfddd75e4035,reviewed_static,geo_catalog_v1_2026_07_18
geo_c51dfc7db7a809e9,Нальчик,НАЛЬЧИК,city,43.49806,43.61889,region_geonames_554667,Кабардино-Балкарская Республика,fd_north_caucasian,Северо-Кавказский федеральный округ,RU,GeoNames RU dump (WGS84),523523,2026-07-18,e900a407f811b53a1bf51612fe6f1a809af275e43a02b85f63c7bfddd75e4035,reviewed_static,geo_catalog_v1_2026_07_18
geo_9580f4dcafacc7a3,Находка,НАХОДКА,city,42.8436,132.91831,region_geonames_2017623,Приморский край,fd_far_eastern,Дальневосточный федеральный округ,RU,GeoNames RU dump (WGS84),2019528,2026-07-18,e900a407f811b53a1bf51612fe6f1a809af275e43a02b85f63c7bfddd75e4035,reviewed_static,geo_catalog_v1_2026_07_18
geo_f34399b4da91273c,Нижегородская область,НИЖЕГОРОДСКАЯ ОБЛАСТЬ,region,56.31667,44.60833,region_geonames_559838,Нижегородская область,fd_volga,Приволжский федеральный округ,RU,GeoNames RU dump (WGS84),559838,2026-07-18,e900a407f811b53a1bf51612fe6f1a809af275e43a02b85f63c7bfddd75e4035,reviewed_static,geo_catalog_v1_2026_07_18
geo_a20b0e6e0fac037b,Нижневартовск,НИЖНЕВАРТОВСК,city,60.9344,76.5531,region_geonames_1503773,Ханты-Мансийский автономный округ - Югра,fd_ural,Уральский федеральный округ,RU,GeoNames RU dump (WGS84),1497543,2026-07-18,e900a407f811b53a1bf51612fe6f1a809af275e43a02b85f63c7bfddd75e4035,reviewed_static,geo_catalog_v1_2026_07_18
geo_59073a79559340a0,Нижнекамск,НИЖНЕКАМСК,city,55.63794,51.81502,region_geonames_484048,Республика Татарстан,fd_volga,Приволжский федеральный округ,RU,GeoNames RU dump (WGS84),521118,2026-07-18,e900a407f811b53a1bf51612fe6f1a809af275e43a02b85f63c7bfddd75e4035,reviewed_static,geo_catalog_v1_2026_07_18
geo_06ad7b89944f92a2,Нижний Тагил,НИЖНИЙ ТАГИЛ,city,57.91944,59.965,region_geonames_1490542,Свердловская область,fd_ural,Уральский федеральный округ,RU,GeoNames RU dump (WGS84),520494,2026-07-18,e900a407f811b53a1bf51612fe6f1a809af275e43a02b85f63c7bfddd75e4035,reviewed_static,geo_catalog_v1_2026_07_18
geo_f37af7616df95109,Новгородская область,НОВГОРОДСКАЯ ОБЛАСТЬ,region,58.30833,32.49167,region_geonames_519324,Новгородская область,fd_northwestern,Северо-Западный федеральный округ,RU,GeoNames RU dump (WGS84),519324,2026-07-18,e900a407f811b53a1bf51612fe6f1a809af275e43a02b85f63c7bfddd75e4035,reviewed_static,geo_catalog_v1_2026_07_18
geo_ad615a694a8e9a54,Новокузнецк,НОВОКУЗНЕЦК,city,53.75752,87.13599,region_geonames_1503900,Кемеровская область,fd_siberian,Сибирский федеральный округ,RU,GeoNames RU dump (WGS84),1496990,2026-07-18,e900a407f811b53a1bf51612fe6f1a809af275e43a02b85f63c7bfddd75e4035,reviewed_static,geo_catalog_v1_2026_07_18
geo_be918c5b97ba92ab,Новокуйбышевск,НОВОКУЙБЫШЕВСК,city,53.09709,49.94001,region_geonames_499068,Самарская область,fd_volga,Приволжский федеральный округ,RU,GeoNames RU dump (WGS84),518659,2026-07-18,e900a407f811b53a1bf51612fe6f1a809af275e43a02b85f63c7bfddd75e4035,reviewed_static,geo_catalog_v1_2026_07_18
geo_e6eb0fa6da272e9b,Новороссийск,НОВОРОССИЙСК,city,44.73188,37.76176,region_geonames_542415,Краснодарский край,fd_southern,Южный федеральный округ,RU,GeoNames RU dump (WGS84),518255,2026-07-18,e900a407f811b53a1bf51612fe6f1a809af275e43a02b85f63c7bfddd75e4035,reviewed_static,geo_catalog_v1_2026_07_18
geo_ae4b572fa4c02f42,Новосибирск,НОВОСИБИРСК,city,55.02259,82.93175,region_geonames_1496745,Новосибирская область,fd_siberian,Сибирский федеральный округ,RU,GeoNames RU dump (WGS84),1496747,2026-07-18,e900a407f811b53a1bf51612fe6f1a809af275e43a02b85f63c7bfddd75e4035,reviewed_static,geo_catalog_v1_2026_07_18
geo_c704aed06fb8903b,Новосибирская область,НОВОСИБИРСКАЯ ОБЛАСТЬ,region,55.275,79.76667,region_geonames_1496745,Новосибирская область,fd_siberian,Сибирский федеральный округ,RU,GeoNames RU dump (WGS84),1496745,2026-07-18,e900a407f811b53a1bf51612fe6f1a809af275e43a02b85f63c7bfddd75e4035,reviewed_static,geo_catalog_v1_2026_07_18
geo_10d6f86f021847c6,Новочебоксарск,НОВОЧЕБОКСАРСК,city,56.11095,47.47755,region_geonames_567395,Чувашская Республика,fd_volga,Приволжский федеральный округ,RU,GeoNames RU dump (WGS84),518976,2026-07-18,e900a407f811b53a1bf51612fe6f1a809af275e43a02b85f63c7bfddd75e4035,reviewed_static,geo_catalog_v1_2026_07_18
geo_031395c2814d1770,Новочеркасск,НОВОЧЕРКАССК,city,47.4222,40.09373,region_geonames_501165,Ростовская область,fd_southern,Южный федеральный округ,RU,GeoNames RU dump (WGS84),518970,2026-07-18,e900a407f811b53a1bf51612fe6f1a809af275e43a02b85f63c7bfddd75e4035,reviewed_static,geo_catalog_v1_2026_07_18
geo_89551556910e5180,Оленегорск,ОЛЕНЕГОРСК,city,68.1432,33.25287,region_geonames_524304,Мурманская область,fd_northwestern,Северо-Западный федеральный округ,RU,GeoNames RU dump (WGS84),515698,2026-07-18,e900a407f811b53a1bf51612fe6f1a809af275e43a02b85f63c7bfddd75e4035,reviewed_static,geo_catalog_v1_2026_07_18
geo_093a1766328e66ca,Омск,ОМСК,city,54.99244,73.36859,region_geonames_1496152,Омская область,fd_siberian,Сибирский федеральный округ,RU,GeoNames RU dump (WGS84),1496153,2026-07-18,e900a407f811b53a1bf51612fe6f1a809af275e43a02b85f63c7bfddd75e4035,reviewed_static,geo_catalog_v1_2026_07_18
geo_e1f551bc52b231f4,Омская область,ОМСКАЯ ОБЛАСТЬ,region,56.1,73.34167,region_geonames_1496152,Омская область,fd_siberian,Сибирский федеральный округ,RU,GeoNames RU dump (WGS84),1496152,2026-07-18,e900a407f811b53a1bf51612fe6f1a809af275e43a02b85f63c7bfddd75e4035,reviewed_static,geo_catalog_v1_2026_07_18
geo_75b1c7a1ec0c6bca,Орел,ОРЕЛ,city,52.96879,36.0791,region_geonames_514801,Орловская область,fd_central,Центральный федеральный округ,RU,GeoNames RU dump (WGS84),515012,2026-07-18,e900a407f811b53a1bf51612fe6f1a809af275e43a02b85f63c7bfddd75e4035,reviewed_static,geo_catalog_v1_2026_07_18
geo_181e96762afa6524,Оренбург,ОРЕНБУРГ,city,51.76712,55.09883,region_geonames_515001,Оренбургская область,fd_volga,Приволжский федеральный округ,RU,GeoNames RU dump (WGS84),515003,2026-07-18,e900a407f811b53a1bf51612fe6f1a809af275e43a02b85f63c7bfddd75e4035,reviewed_static,geo_catalog_v1_2026_07_18
geo_5626b585975ad5ce,Оренбургская область,ОРЕНБУРГСКАЯ ОБЛАСТЬ,region,51.64167,55.6,region_geonames_515001,Оренбургская область,fd_volga,Приволжский федеральный округ,RU,GeoNames RU dump (WGS84),515001,2026-07-18,e900a407f811b53a1bf51612fe6f1a809af275e43a02b85f63c7bfddd75e4035,reviewed_static,geo_catalog_v1_2026_07_18
geo_4ddce812b8d17e01,Орловская область,ОРЛОВСКАЯ ОБЛАСТЬ,region,53,36.25,region_geonames_514801,Орловская область,fd_central,Центральный федеральный округ,RU,GeoNames RU dump (WGS84),514801,2026-07-18,e900a407f811b53a1bf51612fe6f1a809af275e43a02b85f63c7bfddd75e4035,reviewed_static,geo_catalog_v1_2026_07_18
geo_8aec4909737b94ec,Осташево,ОСТАШЕВО,city,55.86076,35.86401,region_geonames_524925,Московская область,fd_central,Центральный федеральный округ,RU,GeoNames RU dump (WGS84),514272,2026-07-18,e900a407f811b53a1bf51612fe6f1a809af275e43a02b85f63c7bfddd75e4035,reviewed_static,geo_catalog_v1_2026_07_18
geo_a1c32c91e8ec8e60,Остров,ОСТРОВ,city,57.3438,28.35363,region_geonames_504338,Псковская область,fd_northwestern,Северо-Западный федеральный округ,RU,GeoNames RU dump (WGS84),514171,2026-07-18,e900a407f811b53a1bf51612fe6f1a809af275e43a02b85f63c7bfddd75e4035,reviewed_static,geo_catalog_v1_2026_07_18
geo_4f53b29b6ff02d79,Партизанск,ПАРТИЗАНСК,city,43.11992,133.12316,region_geonames_2017623,Приморский край,fd_far_eastern,Дальневосточный федеральный округ,RU,GeoNames RU dump (WGS84),2018116,2026-07-18,e900a407f811b53a1bf51612fe6f1a809af275e43a02b85f63c7bfddd75e4035,reviewed_static,geo_catalog_v1_2026_07_18
geo_09500abdc140c57e,Пенза,ПЕНЗА,city,53.19568,45.01075,region_geonames_511555,Пензенская область,fd_volga,Приволжский федеральный округ,RU,GeoNames RU dump (WGS84),511565,2026-07-18,e900a407f811b53a1bf51612fe6f1a809af275e43a02b85f63c7bfddd75e4035,reviewed_static,geo_catalog_v1_2026_07_18
geo_19402913187c65e0,Пензенская область,ПЕНЗЕНСКАЯ ОБЛАСТЬ,region,53.18333,44.63333,region_geonames_511555,Пензенская область,fd_volga,Приволжский федеральный округ,RU,GeoNames RU dump (WGS84),511555,2026-07-18,e900a407f811b53a1bf51612fe6f1a809af275e43a02b85f63c7bfddd75e4035,reviewed_static,geo_catalog_v1_2026_07_18
geo_f6705f8d048e2b53,Переславль-Залесский,ПЕРЕСЛАВЛЬ-ЗАЛЕССКИЙ,city,56.73912,38.85966,region_geonames_468898,Ярославская область,fd_central,Центральный федеральный округ,RU,GeoNames RU dump (WGS84),511359,2026-07-18,e900a407f811b53a1bf51612fe6f1a809af275e43a02b85f63c7bfddd75e4035,reviewed_static,geo_catalog_v1_2026_07_18
geo_ba7e7b605d51de94,Пермский край,ПЕРМСКИЙ КРАЙ,region,59,57,region_geonames_511180,Пермский край,fd_volga,Приволжский федеральный округ,RU,GeoNames RU dump (WGS84),511180,2026-07-18,e900a407f811b53a1bf51612fe6f1a809af275e43a02b85f63c7bfddd75e4035,reviewed_static,geo_catalog_v1_2026_07_18
geo_37451e5dce8192aa,Пермь,ПЕРМЬ,city,58.01046,56.25017,region_geonames_511180,Пермский край,fd_volga,Приволжский федеральный округ,RU,GeoNames RU dump (WGS84),511196,2026-07-18,e900a407f811b53a1bf51612fe6f1a809af275e43a02b85f63c7bfddd75e4035,reviewed_static,geo_catalog_v1_2026_07_18
geo_a8cb66747ba3b026,Петрозаводск,ПЕТРОЗАВОДСК,city,61.78491,34.34691,region_geonames_552548,Республика Карелия,fd_northwestern,Северо-Западный федеральный округ,RU,GeoNames RU dump (WGS84),509820,2026-07-18,e900a407f811b53a1bf51612fe6f1a809af275e43a02b85f63c7bfddd75e4035,reviewed_static,geo_catalog_v1_2026_07_18
geo_425d8ef3221e32b8,Подольск,ПОДОЛЬСК,city,55.42419,37.55472,region_geonames_524925,Московская область,fd_central,Центральный федеральный округ,RU,GeoNames RU dump (WGS84),508101,2026-07-18,e900a407f811b53a1bf51612fe6f1a809af275e43a02b85f63c7bfddd75e4035,reviewed_static,geo_catalog_v1_2026_07_18
geo_64a57807beaa1977,Псков,ПСКОВ,city,57.81922,28.33181,region_geonames_504338,Псковская область,fd_northwestern,Северо-Западный федеральный округ,RU,GeoNames RU dump (WGS84),504341,2026-07-18,e900a407f811b53a1bf51612fe6f1a809af275e43a02b85f63c7bfddd75e4035,reviewed_static,geo_catalog_v1_2026_07_18
geo_5b43415568bcd9ce,Псковская область,ПСКОВСКАЯ ОБЛАСТЬ,region,57.23333,29.23333,region_geonames_504338,Псковская область,fd_northwestern,Северо-Западный федеральный округ,RU,GeoNames RU dump (WGS84),504338,2026-07-18,e900a407f811b53a1bf51612fe6f1a809af275e43a02b85f63c7bfddd75e4035,reviewed_static,geo_catalog_v1_2026_07_18
geo_eb5910a08dfcc5c1,Пятигорск,ПЯТИГОРСК,city,44.05,43.05036,region_geonames_487839,Ставропольский край,fd_north_caucasian,Северо-Кавказский федеральный округ,RU,GeoNames RU dump (WGS84),503550,2026-07-18,e900a407f811b53a1bf51612fe6f1a809af275e43a02b85f63c7bfddd75e4035,reviewed_static,geo_catalog_v1_2026_07_18
geo_a9d7e611872fa730,Раменское,РАМЕНСКОЕ,city,55.56341,38.24152,region_geonames_524925,Московская область,fd_central,Центральный федеральный округ,RU,GeoNames RU dump (WGS84),502965,2026-07-18,e900a407f811b53a1bf51612fe6f1a809af275e43a02b85f63c7bfddd75e4035,reviewed_static,geo_catalog_v1_2026_07_18
geo_0727e7ed2632befc,Республика Адыгея,РЕСПУБЛИКА АДЫГЕЯ,region,44.625,40.13333,region_geonames_584222,Республика Адыгея,fd_southern,Южный федеральный округ,RU,GeoNames RU dump (WGS84),584222,2026-07-18,e900a407f811b53a1bf51612fe6f1a809af275e43a02b85f63c7bfddd75e4035,reviewed_static,geo_catalog_v1_2026_07_18
geo_ca87e5cd19f69216,Республика Башкортостан,РЕСПУБЛИКА БАШКОРТОСТАН,region,54.26667,56.525,region_geonames_578853,Республика Башкортостан,fd_volga,Приволжский федеральный округ,RU,GeoNames RU dump (WGS84),578853,2026-07-18,e900a407f811b53a1bf51612fe6f1a809af275e43a02b85f63c7bfddd75e4035,reviewed_static,geo_catalog_v1_2026_07_18
geo_528f8766cd1b4fae,Республика Бурятия,РЕСПУБЛИКА БУРЯТИЯ,region,52.89167,109.11667,region_geonames_2050915,Республика Бурятия,fd_far_eastern,Дальневосточный федеральный округ,RU,GeoNames RU dump (WGS84),2050915,2026-07-18,e900a407f811b53a1bf51612fe6f1a809af275e43a02b85f63c7bfddd75e4035,reviewed_static,geo_catalog_v1_2026_07_18
geo_dd8200d841f8b809,Республика Калмыкия,РЕСПУБЛИКА КАЛМЫКИЯ,region,46.45,45.31667,region_geonames_553972,Республика Калмыкия,fd_southern,Южный федеральный округ,RU,GeoNames RU dump (WGS84),553972,2026-07-18,e900a407f811b53a1bf51612fe6f1a809af275e43a02b85f63c7bfddd75e4035,reviewed_static,geo_catalog_v1_2026_07_18
geo_3150ebe5e447e018,Республика Карелия,РЕСПУБЛИКА КАРЕЛИЯ,region,63.55,33.13333,region_geonames_552548,Республика Карелия,fd_northwestern,Северо-Западный федеральный округ,RU,GeoNames RU dump (WGS84),552548,2026-07-18,e900a407f811b53a1bf51612fe6f1a809af275e43a02b85f63c7bfddd75e4035,reviewed_static,geo_catalog_v1_2026_07_18
geo_9adf3ba9e73a727e,Республика Коми,РЕСПУБЛИКА КОМИ,region,64.125,54.79167,region_geonames_545854,Республика Коми,fd_northwestern,Северо-Западный федеральный округ,RU,GeoNames RU dump (WGS84),545854,2026-07-18,e900a407f811b53a1bf51612fe6f1a809af275e43a02b85f63c7bfddd75e4035,reviewed_static,geo_catalog_v1_2026_07_18
geo_f9ca0ddcdbe5e80b,Республика Марий Эл,РЕСПУБЛИКА МАРИЙ ЭЛ,region,56.575,47.94167,region_geonames_529352,Республика Марий Эл,fd_volga,Приволжский федеральный округ,RU,GeoNames RU dump (WGS84),529352,2026-07-18,e900a407f811b53a1bf51612fe6f1a809af275e43a02b85f63c7bfddd75e4035,reviewed_static,geo_catalog_v1_2026_07_18
geo_0e3003c176b3a09b,Республика Мордовия,РЕСПУБЛИКА МОРДОВИЯ,region,54.225,44.45,region_geonames_525369,Республика Мордовия,fd_volga,Приволжский федеральный округ,RU,GeoNames RU dump (WGS84),525369,2026-07-18,e900a407f811b53a1bf51612fe6f1a809af275e43a02b85f63c7bfddd75e4035,reviewed_static,geo_catalog_v1_2026_07_18
geo_2bb5b3c30eec3850,Республика Северная Осетия - Алания,РЕСПУБЛИКА СЕВЕРНАЯ ОСЕТИЯ,region,43,44.25,region_geonames_519969,Республика Северная Осетия - Алания,fd_north_caucasian,Северо-Кавказский федеральный округ,RU,GeoNames RU dump (WGS84),519969,2026-07-18,e900a407f811b53a1bf51612fe6f1a809af275e43a02b85f63c7bfddd75e4035,reviewed_static,geo_catalog_v1_2026_07_18
geo_d83edfd6628e9afc,Республика Татарстан,РЕСПУБЛИКА ТАТАРСТАН,region,55.35,50.91667,region_geonames_484048,Республика Татарстан,fd_volga,Приволжский федеральный округ,RU,GeoNames RU dump (WGS84),484048,2026-07-18,e900a407f811b53a1bf51612fe6f1a809af275e43a02b85f63c7bfddd75e4035,reviewed_static,geo_catalog_v1_2026_07_18
geo_9cc418889ab160c9,Удмуртская Республика,РЕСПУБЛИКА УДМУРТИЯ,region,57.16667,52.8,region_geonames_479613,Удмуртская Республика,fd_volga,Приволжский федеральный округ,RU,GeoNames RU dump (WGS84),479613,2026-07-18,e900a407f811b53a1bf51612fe6f1a809af275e43a02b85f63c7bfddd75e4035,reviewed_static,geo_catalog_v1_2026_07_18
geo_d21f368556678496,Чувашская Республика,РЕСПУБЛИКА ЧУВАШИЯ,region,55.49167,47.08333,region_geonames_567395,Чувашская Республика,fd_volga,Приволжский федеральный округ,RU,GeoNames RU dump (WGS84),567395,2026-07-18,e900a407f811b53a1bf51612fe6f1a809af275e43a02b85f63c7bfddd75e4035,reviewed_static,geo_catalog_v1_2026_07_18
geo_654946621661ed59,Ростов-на-Дону,РОСТОВ-НА-ДОНУ,city,47.21997,39.70769,region_geonames_501165,Ростовская область,fd_southern,Южный федеральный округ,RU,GeoNames RU dump (WGS84),501175,2026-07-18,e900a407f811b53a1bf51612fe6f1a809af275e43a02b85f63c7bfddd75e4035,reviewed_static,geo_catalog_v1_2026_07_18
geo_aaf573ca2de434b2,Ростовская область,РОСТОВСКАЯ ОБЛАСТЬ,region,47.74167,41.30833,region_geonames_501165,Ростовская область,fd_southern,Южный федеральный округ,RU,GeoNames RU dump (WGS84),501165,2026-07-18,e900a407f811b53a1bf51612fe6f1a809af275e43a02b85f63c7bfddd75e4035,reviewed_static,geo_catalog_v1_2026_07_18
geo_42f79d22f4fb70a5,Рыбинск,РЫБИНСК,city,58.04562,38.83811,region_geonames_468898,Ярославская область,fd_central,Центральный федеральный округ,RU,GeoNames RU dump (WGS84),500004,2026-07-18,e900a407f811b53a1bf51612fe6f1a809af275e43a02b85f63c7bfddd75e4035,reviewed_static,geo_catalog_v1_2026_07_18
geo_6250113c3a735179,Рязань,РЯЗАНЬ,city,54.62696,39.70415,region_geonames_500059,Рязанская область,fd_central,Центральный федеральный округ,RU,GeoNames RU dump (WGS84),500096,2026-07-18,e900a407f811b53a1bf51612fe6f1a809af275e43a02b85f63c7bfddd75e4035,reviewed_static,geo_catalog_v1_2026_07_18
geo_2a7d6797adab975f,Самара,САМАРА,city,53.20767,50.13553,region_geonames_499068,Самарская область,fd_volga,Приволжский федеральный округ,RU,GeoNames RU dump (WGS84),499099,2026-07-18,e900a407f811b53a1bf51612fe6f1a809af275e43a02b85f63c7bfddd75e4035,reviewed_static,geo_catalog_v1_2026_07_18
geo_c0f79969c9badc87,Самарская область,САМАРСКАЯ ОБЛАСТЬ,region,53.275,50.46667,region_geonames_499068,Самарская область,fd_volga,Приволжский федеральный округ,RU,GeoNames RU dump (WGS84),499068,2026-07-18,e900a407f811b53a1bf51612fe6f1a809af275e43a02b85f63c7bfddd75e4035,reviewed_static,geo_catalog_v1_2026_07_18
geo_94835d40a52e5a3a,Санкт-Петербург,САНКТ-ПЕТЕРБУРГ,city,59.93863,30.31413,region_geonames_536203,Санкт-Петербург,fd_northwestern,Северо-Западный федеральный округ,RU,GeoNames RU dump (WGS84),498817,2026-07-18,e900a407f811b53a1bf51612fe6f1a809af275e43a02b85f63c7bfddd75e4035,reviewed_static,geo_catalog_v1_2026_07_18
geo_7d1b5b95bf81cf12,Саранск,САРАНСК,city,54.18485,45.17166,region_geonames_525369,Республика Мордовия,fd_volga,Приволжский федеральный округ,RU,GeoNames RU dump (WGS84),498698,2026-07-18,e900a407f811b53a1bf51612fe6f1a809af275e43a02b85f63c7bfddd75e4035,reviewed_static,geo_catalog_v1_2026_07_18
geo_5fa9084303383362,Саратов,САРАТОВ,city,51.54048,45.9901,region_geonames_498671,Саратовская область,fd_volga,Приволжский федеральный округ,RU,GeoNames RU dump (WGS84),498677,2026-07-18,e900a407f811b53a1bf51612fe6f1a809af275e43a02b85f63c7bfddd75e4035,reviewed_static,geo_catalog_v1_2026_07_18
geo_cda5a80a3b7169f4,Саратовская область,САРАТОВСКАЯ ОБЛАСТЬ,region,51.5,47,region_geonames_498671,Саратовская область,fd_volga,Приволжский федеральный округ,RU,GeoNames RU dump (WGS84),498671,2026-07-18,e900a407f811b53a1bf51612fe6f1a809af275e43a02b85f63c7bfddd75e4035,reviewed_static,geo_catalog_v1_2026_07_18
geo_e6e7e70b713bacde,Свердловская область,СВЕРДЛОВСКАЯ ОБЛАСТЬ,region,58.58333,61.53333,region_geonames_1490542,Свердловская область,fd_ural,Уральский федеральный округ,RU,GeoNames RU dump (WGS84),1490542,2026-07-18,e900a407f811b53a1bf51612fe6f1a809af275e43a02b85f63c7bfddd75e4035,reviewed_static,geo_catalog_v1_2026_07_18
geo_c6774093951808be,Северодвинск,СЕВЕРОДВИНСК,city,64.55825,39.82971,region_geonames_581043,Архангельская область,fd_northwestern,Северо-Западный федеральный округ,RU,GeoNames RU dump (WGS84),496285,2026-07-18,e900a407f811b53a1bf51612fe6f1a809af275e43a02b85f63c7bfddd75e4035,reviewed_static,geo_catalog_v1_2026_07_18
geo_c7f12238925542ef,Славянск-на-Кубани,СЛАВЯНСК-НА-КУБАНИ,city,45.25145,38.12129,region_geonames_542415,Краснодарский край,fd_southern,Южный федеральный округ,RU,GeoNames RU dump (WGS84),492094,2026-07-18,e900a407f811b53a1bf51612fe6f1a809af275e43a02b85f63c7bfddd75e4035,reviewed_static,geo_catalog_v1_2026_07_18
geo_7b998ab602a8bb85,Смоленск,СМОЛЕНСК,city,54.77826,32.05088,region_geonames_491684,Смоленская область,fd_central,Центральный федеральный округ,RU,GeoNames RU dump (WGS84),491687,2026-07-18,e900a407f811b53a1bf51612fe6f1a809af275e43a02b85f63c7bfddd75e4035,reviewed_static,geo_catalog_v1_2026_07_18
geo_9ad85b7d0d60c3a8,Сокол,СОКОЛ,city,59.46167,40.12056,region_geonames_472454,Вологодская область,fd_northwestern,Северо-Западный федеральный округ,RU,GeoNames RU dump (WGS84),491281,2026-07-18,e900a407f811b53a1bf51612fe6f1a809af275e43a02b85f63c7bfddd75e4035,reviewed_static,geo_catalog_v1_2026_07_18
geo_c702f60ace70d5f2,Солнечногорск,СОЛНЕЧНОГОРСК,city,56.17527,36.97082,region_geonames_524925,Московская область,fd_central,Центральный федеральный округ,RU,GeoNames RU dump (WGS84),490996,2026-07-18,e900a407f811b53a1bf51612fe6f1a809af275e43a02b85f63c7bfddd75e4035,reviewed_static,geo_catalog_v1_2026_07_18
geo_2e944fce52e678a6,Сочи,СОЧИ,city,43.59699,39.72477,region_geonames_542415,Краснодарский край,fd_southern,Южный федеральный округ,RU,GeoNames RU dump (WGS84),491422,2026-07-18,e900a407f811b53a1bf51612fe6f1a809af275e43a02b85f63c7bfddd75e4035,reviewed_static,geo_catalog_v1_2026_07_18
geo_b03bdf6566284376,Ставрополь,СТАВРОПОЛЬ,city,45.03442,41.9642,region_geonames_487839,Ставропольский край,fd_north_caucasian,Северо-Кавказский федеральный округ,RU,GeoNames RU dump (WGS84),487846,2026-07-18,e900a407f811b53a1bf51612fe6f1a809af275e43a02b85f63c7bfddd75e4035,reviewed_static,geo_catalog_v1_2026_07_18
geo_6ead6cdc17609501,Ставропольский край,СТАВРОПОЛЬСКИЙ КРАЙ,region,44.95,43.34167,region_geonames_487839,Ставропольский край,fd_north_caucasian,Северо-Кавказский федеральный округ,RU,GeoNames RU dump (WGS84),487839,2026-07-18,e900a407f811b53a1bf51612fe6f1a809af275e43a02b85f63c7bfddd75e4035,reviewed_static,geo_catalog_v1_2026_07_18
geo_870a7f937ff57ad8,Старый Оскол,СТАРЫЙ ОСКОЛ,city,51.3025,37.84613,region_geonames_578071,Белгородская область,fd_central,Центральный федеральный округ,RU,GeoNames RU dump (WGS84),487928,2026-07-18,e900a407f811b53a1bf51612fe6f1a809af275e43a02b85f63c7bfddd75e4035,reviewed_static,geo_catalog_v1_2026_07_18
geo_de69fcc1dc39ab66,Сургут,СУРГУТ,city,61.25757,73.41775,region_geonames_1503773,Ханты-Мансийский автономный округ - Югра,fd_ural,Уральский федеральный округ,RU,GeoNames RU dump (WGS84),1490624,2026-07-18,e900a407f811b53a1bf51612fe6f1a809af275e43a02b85f63c7bfddd75e4035,reviewed_static,geo_catalog_v1_2026_07_18
geo_4182ea75dbfa6adf,Сыктывкар,СЫКТЫВКАР,city,61.66393,50.8163,region_geonames_545854,Республика Коми,fd_northwestern,Северо-Западный федеральный округ,RU,GeoNames RU dump (WGS84),485239,2026-07-18,e900a407f811b53a1bf51612fe6f1a809af275e43a02b85f63c7bfddd75e4035,reviewed_static,geo_catalog_v1_2026_07_18
geo_ce5654ff1584e47a,Таганрог,ТАГАНРОГ,city,47.23627,38.9053,region_geonames_501165,Ростовская область,fd_southern,Южный федеральный округ,RU,GeoNames RU dump (WGS84),484907,2026-07-18,e900a407f811b53a1bf51612fe6f1a809af275e43a02b85f63c7bfddd75e4035,reviewed_static,geo_catalog_v1_2026_07_18
geo_e10794967a6913ef,Тамбов,ТАМБОВ,city,52.73632,41.44102,region_geonames_484638,Тамбовская область,fd_central,Центральный федеральный округ,RU,GeoNames RU dump (WGS84),484646,2026-07-18,e900a407f811b53a1bf51612fe6f1a809af275e43a02b85f63c7bfddd75e4035,reviewed_static,geo_catalog_v1_2026_07_18
geo_1abfa315865f6827,Тамбовская область,ТАМБОВСКАЯ ОБЛАСТЬ,region,52.68333,41.58333,region_geonames_484638,Тамбовская область,fd_central,Центральный федеральный округ,RU,GeoNames RU dump (WGS84),484638,2026-07-18,e900a407f811b53a1bf51612fe6f1a809af275e43a02b85f63c7bfddd75e4035,reviewed_static,geo_catalog_v1_2026_07_18
geo_57f4ff5d3ee8852e,Тверская область,ТВЕРСКАЯ ОБЛАСТЬ,region,57.09167,34.70833,region_geonames_480041,Тверская область,fd_central,Центральный федеральный округ,RU,GeoNames RU dump (WGS84),480041,2026-07-18,e900a407f811b53a1bf51612fe6f1a809af275e43a02b85f63c7bfddd75e4035,reviewed_static,geo_catalog_v1_2026_07_18
geo_7518d7367997f3ed,Тверь,ТВЕРЬ,city,56.85836,35.90057,region_geonames_480041,Тверская область,fd_central,Центральный федеральный округ,RU,GeoNames RU dump (WGS84),480060,2026-07-18,e900a407f811b53a1bf51612fe6f1a809af275e43a02b85f63c7bfddd75e4035,reviewed_static,geo_catalog_v1_2026_07_18
geo_6527fd7958b63ecb,Тимашевск,ТИМАШЕВСК,city,45.61694,38.94528,region_geonames_542415,Краснодарский край,fd_southern,Южный федеральный округ,RU,GeoNames RU dump (WGS84),482965,2026-07-18,e900a407f811b53a1bf51612fe6f1a809af275e43a02b85f63c7bfddd75e4035,reviewed_static,geo_catalog_v1_2026_07_18
geo_9f4af49a5d901612,Тихорецк,ТИХОРЕЦК,city,45.85307,40.11874,region_geonames_542415,Краснодарский край,fd_southern,Южный федеральный округ,RU,GeoNames RU dump (WGS84),483029,2026-07-18,e900a407f811b53a1bf51612fe6f1a809af275e43a02b85f63c7bfddd75e4035,reviewed_static,geo_catalog_v1_2026_07_18
geo_ca921138dd63e5b0,Тольятти,ТОЛЬЯТТИ,city,53.5303,49.3461,region_geonames_499068,Самарская область,fd_volga,Приволжский федеральный округ,RU,GeoNames RU dump (WGS84),482283,2026-07-18,e900a407f811b53a1bf51612fe6f1a809af275e43a02b85f63c7bfddd75e4035,reviewed_static,geo_catalog_v1_2026_07_18
geo_133cdb7dcca84543,Томск,ТОМСК,city,56.50049,84.98216,region_geonames_1489421,Томская область,fd_siberian,Сибирский федеральный округ,RU,GeoNames RU dump (WGS84),1489425,2026-07-18,e900a407f811b53a1bf51612fe6f1a809af275e43a02b85f63c7bfddd75e4035,reviewed_static,geo_catalog_v1_2026_07_18
geo_6ea343b71af7c34e,Томская область,ТОМСКАЯ ОБЛАСТЬ,region,58.49167,82.14167,region_geonames_1489421,Томская область,fd_siberian,Сибирский федеральный округ,RU,GeoNames RU dump (WGS84),1489421,2026-07-18,e900a407f811b53a1bf51612fe6f1a809af275e43a02b85f63c7bfddd75e4035,reviewed_static,geo_catalog_v1_2026_07_18
geo_192c939939bbebd5,Торжок,ТОРЖОК,city,57.0436,34.96221,region_geonames_480041,Тверская область,fd_central,Центральный федеральный округ,RU,GeoNames RU dump (WGS84),481985,2026-07-18,e900a407f811b53a1bf51612fe6f1a809af275e43a02b85f63c7bfddd75e4035,reviewed_static,geo_catalog_v1_2026_07_18
geo_39bd072f033b68ee,Тула,ТУЛА,city,54.19609,37.61822,region_geonames_480508,Тульская область,fd_central,Центральный федеральный округ,RU,GeoNames RU dump (WGS84),480562,2026-07-18,e900a407f811b53a1bf51612fe6f1a809af275e43a02b85f63c7bfddd75e4035,reviewed_static,geo_catalog_v1_2026_07_18
geo_d2f332559d2b8768,Тутаев,ТУТАЕВ,city,57.87292,39.52969,region_geonames_468898,Ярославская область,fd_central,Центральный федеральный округ,RU,GeoNames RU dump (WGS84),480122,2026-07-18,e900a407f811b53a1bf51612fe6f1a809af275e43a02b85f63c7bfddd75e4035,reviewed_static,geo_catalog_v1_2026_07_18
geo_5d87c0fa88acedb1,Тюменская область,ТЮМЕНСКАЯ ОБЛАСТЬ,region,57.68333,69.13333,region_geonames_1488747,Тюменская область,fd_ural,Уральский федеральный округ,RU,GeoNames RU dump (WGS84),1488747,2026-07-18,e900a407f811b53a1bf51612fe6f1a809af275e43a02b85f63c7bfddd75e4035,reviewed_static,geo_catalog_v1_2026_07_18
geo_6de565131413b901,Тюмень,ТЮМЕНЬ,city,57.15222,65.52722,region_geonames_1488747,Тюменская область,fd_ural,Уральский федеральный округ,RU,GeoNames RU dump (WGS84),1488754,2026-07-18,e900a407f811b53a1bf51612fe6f1a809af275e43a02b85f63c7bfddd75e4035,reviewed_static,geo_catalog_v1_2026_07_18
geo_1d4e10a78edc1614,Углич,УГЛИЧ,city,57.52322,38.32258,region_geonames_468898,Ярославская область,fd_central,Центральный федеральный округ,RU,GeoNames RU dump (WGS84),479532,2026-07-18,e900a407f811b53a1bf51612fe6f1a809af275e43a02b85f63c7bfddd75e4035,reviewed_static,geo_catalog_v1_2026_07_18
geo_d32a2da6f7fa7234,Удомля,УДОМЛЯ,city,57.87597,35.00702,region_geonames_480041,Тверская область,fd_central,Центральный федеральный округ,RU,GeoNames RU dump (WGS84),452949,2026-07-18,e900a407f811b53a1bf51612fe6f1a809af275e43a02b85f63c7bfddd75e4035,reviewed_static,geo_catalog_v1_2026_07_18
geo_1d7333fd2a3c8715,Улан-Удэ,УЛАН-УДЭ,city,51.82648,107.59979,region_geonames_2050915,Республика Бурятия,fd_far_eastern,Дальневосточный федеральный округ,RU,GeoNames RU dump (WGS84),2014407,2026-07-18,e900a407f811b53a1bf51612fe6f1a809af275e43a02b85f63c7bfddd75e4035,reviewed_static,geo_catalog_v1_2026_07_18
geo_95ccc4904baeea20,Ульяновск,УЛЬЯНОВСК,city,54.32824,48.38657,region_geonames_479119,Ульяновская область,fd_volga,Приволжский федеральный округ,RU,GeoNames RU dump (WGS84),479123,2026-07-18,e900a407f811b53a1bf51612fe6f1a809af275e43a02b85f63c7bfddd75e4035,reviewed_static,geo_catalog_v1_2026_07_18
geo_8d8df24c5ffbb97d,Ульяновская область,УЛЬЯНОВСКАЯ ОБЛАСТЬ,region,53.89167,47.95,region_geonames_479119,Ульяновская область,fd_volga,Приволжский федеральный округ,RU,GeoNames RU dump (WGS84),479119,2026-07-18,e900a407f811b53a1bf51612fe6f1a809af275e43a02b85f63c7bfddd75e4035,reviewed_static,geo_catalog_v1_2026_07_18
geo_cc6d40a0fd8a0441,Уссурийск,УССУРИЙСК,city,43.80467,131.95734,region_geonames_2017623,Приморский край,fd_far_eastern,Дальневосточный федеральный округ,RU,GeoNames RU dump (WGS84),2014006,2026-07-18,e900a407f811b53a1bf51612fe6f1a809af275e43a02b85f63c7bfddd75e4035,reviewed_static,geo_catalog_v1_2026_07_18
geo_965336b61d1b679c,Уфа,УФА,city,54.74306,55.96779,region_geonames_578853,Республика Башкортостан,fd_volga,Приволжский федеральный округ,RU,GeoNames RU dump (WGS84),479561,2026-07-18,e900a407f811b53a1bf51612fe6f1a809af275e43a02b85f63c7bfddd75e4035,reviewed_static,geo_catalog_v1_2026_07_18
geo_d2c4415cd7421cea,Ухта,УХТА,city,63.56904,53.69141,region_geonames_545854,Республика Коми,fd_northwestern,Северо-Западный федеральный округ,RU,GeoNames RU dump (WGS84),479411,2026-07-18,e900a407f811b53a1bf51612fe6f1a809af275e43a02b85f63c7bfddd75e4035,reviewed_static,geo_catalog_v1_2026_07_18
geo_746b7f322c7d4483,Фокино,ФОКИНО,city,42.97096,132.41035,region_geonames_2017623,Приморский край,fd_far_eastern,Дальневосточный федеральный округ,RU,GeoNames RU dump (WGS84),2015310,2026-07-18,e900a407f811b53a1bf51612fe6f1a809af275e43a02b85f63c7bfddd75e4035,reviewed_static,geo_catalog_v1_2026_07_18
geo_9920888cf795b8e9,Хабаровск,ХАБАРОВСК,city,48.46204,135.0971,region_geonames_2022888,Хабаровский край,fd_far_eastern,Дальневосточный федеральный округ,RU,GeoNames RU dump (WGS84),2022890,2026-07-18,e900a407f811b53a1bf51612fe6f1a809af275e43a02b85f63c7bfddd75e4035,reviewed_static,geo_catalog_v1_2026_07_18
geo_2bb56ca5ca40c1f7,Хабаровский край,ХАБАРОВСКИЙ КРАЙ,region,53,136.45833,region_geonames_2022888,Хабаровский край,fd_far_eastern,Дальневосточный федеральный округ,RU,GeoNames RU dump (WGS84),2022888,2026-07-18,e900a407f811b53a1bf51612fe6f1a809af275e43a02b85f63c7bfddd75e4035,reviewed_static,geo_catalog_v1_2026_07_18
geo_5ac7acde3cdf68a6,Ханты-Мансийск,ХАНТЫ-МАНСИЙСК,city,61.00187,69.02728,region_geonames_1503773,Ханты-Мансийский автономный округ - Югра,fd_ural,Уральский федеральный округ,RU,GeoNames RU dump (WGS84),1503772,2026-07-18,e900a407f811b53a1bf51612fe6f1a809af275e43a02b85f63c7bfddd75e4035,reviewed_static,geo_catalog_v1_2026_07_18
geo_108eab140138349f,Ханты-Мансийский автономный округ - Югра,ХАНТЫ-МАНСИЙСКИЙ АВТОНОМНЫЙ ОКРУГ,region,61.86667,70.3,region_geonames_1503773,Ханты-Мансийский автономный округ - Югра,fd_ural,Уральский федеральный округ,RU,GeoNames RU dump (WGS84),1503773,2026-07-18,e900a407f811b53a1bf51612fe6f1a809af275e43a02b85f63c7bfddd75e4035,reviewed_static,geo_catalog_v1_2026_07_18
geo_ff1cdaafe9cbdd42,Химки,ХИМКИ,city,55.9001,37.42848,region_geonames_524925,Московская область,fd_central,Центральный федеральный округ,RU,GeoNames RU dump (WGS84),550280,2026-07-18,e900a407f811b53a1bf51612fe6f1a809af275e43a02b85f63c7bfddd75e4035,reviewed_static,geo_catalog_v1_2026_07_18
geo_b25fd4fb102fd0bb,Чебоксары,ЧЕБОКСАРЫ,city,56.13218,47.246,region_geonames_567395,Чувашская Республика,fd_volga,Приволжский федеральный округ,RU,GeoNames RU dump (WGS84),569696,2026-07-18,e900a407f811b53a1bf51612fe6f1a809af275e43a02b85f63c7bfddd75e4035,reviewed_static,geo_catalog_v1_2026_07_18
geo_5d01870a3a173190,Челябинск,ЧЕЛЯБИНСК,city,55.1611,61.42877,region_geonames_1508290,Челябинская область,fd_ural,Уральский федеральный округ,RU,GeoNames RU dump (WGS84),1508291,2026-07-18,e900a407f811b53a1bf51612fe6f1a809af275e43a02b85f63c7bfddd75e4035,reviewed_static,geo_catalog_v1_2026_07_18
geo_4d36b8978c7dd983,Челябинская область,ЧЕЛЯБИНСКАЯ ОБЛАСТЬ,region,54.45,60.39167,region_geonames_1508290,Челябинская область,fd_ural,Уральский федеральный округ,RU,GeoNames RU dump (WGS84),1508290,2026-07-18,e900a407f811b53a1bf51612fe6f1a809af275e43a02b85f63c7bfddd75e4035,reviewed_static,geo_catalog_v1_2026_07_18
geo_3c537c4cd22a8b1f,Череповец,ЧЕРЕПОВЕЦ,city,59.13333,37.9,region_geonames_472454,Вологодская область,fd_northwestern,Северо-Западный федеральный округ,RU,GeoNames RU dump (WGS84),569223,2026-07-18,e900a407f811b53a1bf51612fe6f1a809af275e43a02b85f63c7bfddd75e4035,reviewed_static,geo_catalog_v1_2026_07_18
geo_9519057ac44fcf68,Черкесск,ЧЕРКЕССК,city,44.22375,42.04624,region_geonames_552927,Карачаево-Черкесская Республика,fd_north_caucasian,Северо-Кавказский федеральный округ,RU,GeoNames RU dump (WGS84),569154,2026-07-18,e900a407f811b53a1bf51612fe6f1a809af275e43a02b85f63c7bfddd75e4035,reviewed_static,geo_catalog_v1_2026_07_18
geo_3a3c9a16bd3f4347,Чита,ЧИТА,city,52.04311,113.49171,region_geonames_7779061,Забайкальский край,fd_far_eastern,Дальневосточный федеральный округ,RU,GeoNames RU dump (WGS84),2025339,2026-07-18,e900a407f811b53a1bf51612fe6f1a809af275e43a02b85f63c7bfddd75e4035,reviewed_static,geo_catalog_v1_2026_07_18
geo_91a30b433c3f5106,Шахты,ШАХТЫ,city,47.71916,40.21603,region_geonames_501165,Ростовская область,fd_southern,Южный федеральный округ,RU,GeoNames RU dump (WGS84),496015,2026-07-18,e900a407f811b53a1bf51612fe6f1a809af275e43a02b85f63c7bfddd75e4035,reviewed_static,geo_catalog_v1_2026_07_18
geo_27c6321193c78661,Шуя,ШУЯ,city,56.84864,41.3869,region_geonames_555235,Ивановская область,fd_central,Центральный федеральный округ,RU,GeoNames RU dump (WGS84),493231,2026-07-18,e900a407f811b53a1bf51612fe6f1a809af275e43a02b85f63c7bfddd75e4035,reviewed_static,geo_catalog_v1_2026_07_18
geo_b894719643de2741,Щелково,ЩЕЛКОВО,city,55.92497,37.97218,region_geonames_524925,Московская область,fd_central,Центральный федеральный округ,RU,GeoNames RU dump (WGS84),495344,2026-07-18,e900a407f811b53a1bf51612fe6f1a809af275e43a02b85f63c7bfddd75e4035,reviewed_static,geo_catalog_v1_2026_07_18
geo_79524caf0e86edf3,Энгельс,ЭНГЕЛЬС,city,51.48389,46.10528,region_geonames_498671,Саратовская область,fd_volga,Приволжский федеральный округ,RU,GeoNames RU dump (WGS84),563464,2026-07-18,e900a407f811b53a1bf51612fe6f1a809af275e43a02b85f63c7bfddd75e4035,reviewed_static,geo_catalog_v1_2026_07_18
geo_42f01deb191fb1c1,Якутск,ЯКУТСК,city,62.03114,129.72288,region_geonames_2013162,Республика Саха (Якутия),fd_far_eastern,Дальневосточный федеральный округ,RU,GeoNames RU dump (WGS84),2013159,2026-07-18,e900a407f811b53a1bf51612fe6f1a809af275e43a02b85f63c7bfddd75e4035,reviewed_static,geo_catalog_v1_2026_07_18
geo_212302479b4c065e,Ярославль,ЯРОСЛАВЛЬ,city,57.62987,39.87368,region_geonames_468898,Ярославская область,fd_central,Центральный федеральный округ,RU,GeoNames RU dump (WGS84),468902,2026-07-18,e900a407f811b53a1bf51612fe6f1a809af275e43a02b85f63c7bfddd75e4035,reviewed_static,geo_catalog_v1_2026_07_18
geo_4f53b0ec17d55e63,Ярославская область,ЯРОСЛАВСКАЯ ОБЛАСТЬ,region,57.86667,39.14167,region_geonames_468898,Ярославская область,fd_central,Центральный федеральный округ,RU,GeoNames RU dump (WGS84),468898,2026-07-18,e900a407f811b53a1bf51612fe6f1a809af275e43a02b85f63c7bfddd75e4035,reviewed_static,geo_catalog_v1_2026_07_18
